[
  { "date": "2025-01-14", "name": "Makar Sankranti", "region": "all", "intensity": 3 },
  { "date": "2025-01-26", "name": "Republic Day", "region": "all", "intensity": 2 },
  { "date": "2025-02-26", "name": "Maha Shivaratri", "region": "all", "intensity": 2 },
  { "date": "2025-03-14", "name": "Holi", "region": "North", "intensity": 4 },
  { "date": "2025-03-30", "name": "Eid ul-Fitr", "region": "all", "intensity": 4 },
  { "date": "2025-04-06", "name": "Ugadi / Gudi Padwa", "region": "South", "intensity": 3 },
  { "date": "2025-04-14", "name": "Baisakhi", "region": "North", "intensity": 3 },
  { "date": "2025-05-12", "name": "Buddha Purnima", "region": "all", "intensity": 1 },
  { "date": "2025-06-07", "name": "Eid ul-Adha", "region": "all", "intensity": 3 },
  { "date": "2025-08-15", "name": "Independence Day", "region": "all", "intensity": 3 },
  { "date": "2025-08-16", "name": "Raksha Bandhan", "region": "North", "intensity": 4 },
  { "date": "2025-08-27", "name": "Janmashtami", "region": "all", "intensity": 3 },
  { "date": "2025-09-05", "name": "Onam", "region": "South", "intensity": 4 },
  { "date": "2025-10-02", "name": "Gandhi Jayanti / Navratri Start", "region": "all", "intensity": 4 },
  { "date": "2025-10-02", "name": "Navratri", "region": "West", "intensity": 5 },
  { "date": "2025-10-12", "name": "Dussehra", "region": "all", "intensity": 4 },
  { "date": "2025-10-20", "name": "Diwali", "region": "all", "intensity": 5 },
  { "date": "2025-10-21", "name": "Diwali (Day 2)", "region": "all", "intensity": 5 },
  { "date": "2025-11-01", "name": "Chhath Puja", "region": "East", "intensity": 3 },
  { "date": "2025-11-15", "name": "Guru Nanak Jayanti", "region": "North", "intensity": 2 },
  { "date": "2025-12-25", "name": "Christmas", "region": "all", "intensity": 4 },
  { "date": "2025-12-31", "name": "New Year Eve", "region": "all", "intensity": 3 },
  { "date": "2026-01-14", "name": "Makar Sankranti", "region": "all", "intensity": 3 },
  { "date": "2026-01-26", "name": "Republic Day", "region": "all", "intensity": 2 },
  { "date": "2026-03-04", "name": "Holi", "region": "North", "intensity": 4 },
  { "date": "2026-03-20", "name": "Eid ul-Fitr", "region": "all", "intensity": 4 },
  { "date": "2026-10-08", "name": "Diwali", "region": "all", "intensity": 5 }
]
